{
  "accuracy": 0.9473684210526315,
  "precision": 0.9484620642515378,
  "recall": 0.9473684210526315,
  "f1_score": 0.9476097712345061,
  "timestamp": "2025-12-09T11:02:36.491219"
}